Fecha,Ciudad,Sucursal,Categoría,Índice_Laspeyres,Precio_Promedio_Pond,Inflación_Mensual_Acum,Inflación_Diaria
2026-05-27,La Paz,Calacoto,Carnes,100.0,0.0,0.0,0.0
2026-05-27,La Paz,Calacoto,Abarrotes,100.0,22.67,0.0,0.0
2026-05-27,La Paz,Calacoto,Bebidas,100.0,35.1,0.0,0.0
2026-05-27,La Paz,Calacoto,Lácteos y Derivados,100.0,30.8,0.0,0.0
2026-05-27,La Paz,Calacoto,Frutas y Verduras,100.0,34.77,0.0,0.0
2026-05-27,La Paz,Calacoto,Panadería,100.0,45.03,0.0,0.0
2026-05-27,Santa Cruz,Roca y Coronado,Carnes,100.0,0.0,0.0,0.0
2026-05-27,Santa Cruz,Roca y Coronado,Abarrotes,100.0,22.08,0.0,0.0
2026-05-27,Santa Cruz,Roca y Coronado,Bebidas,100.0,23.69,0.0,0.0
2026-05-27,Santa Cruz,Roca y Coronado,Lácteos y Derivados,100.0,46.55,0.0,0.0
2026-05-27,Santa Cruz,Roca y Coronado,Frutas y Verduras,100.0,36.98,0.0,0.0
2026-05-27,Santa Cruz,Roca y Coronado,Panadería,100.0,43.55,0.0,0.0
2026-05-28,La Paz,Calacoto,Carnes,100.0,0.0,0.0,0.0
2026-05-28,La Paz,Calacoto,Abarrotes,99.8454,22.55,-0.15460000000000207,-0.0015460000000000473
2026-05-28,La Paz,Calacoto,Bebidas,99.8456,34.83,-0.15439999999999543,-0.0015439999999999898
2026-05-28,La Paz,Calacoto,Lácteos y Derivados,100.0,30.05,0.0,0.0
2026-05-28,La Paz,Calacoto,Frutas y Verduras,100.0847,34.78,0.084699999999998,0.0008470000000000422
2026-05-28,La Paz,Calacoto,Panadería,100.0,45.24,0.0,0.0
2026-05-28,Santa Cruz,Roca y Coronado,Carnes,100.0,0.0,0.0,0.0
2026-05-28,Santa Cruz,Roca y Coronado,Abarrotes,99.9967,21.84,-0.003299999999995862,-3.2999999999949736e-05
2026-05-28,Santa Cruz,Roca y Coronado,Bebidas,100.0143,23.77,0.014300000000005753,0.00014300000000000423
2026-05-28,Santa Cruz,Roca y Coronado,Lácteos y Derivados,99.888,46.49,-0.11199999999999477,-0.0011199999999998989
2026-05-28,Santa Cruz,Roca y Coronado,Frutas y Verduras,100.0,37.03,0.0,0.0
2026-05-28,Santa Cruz,Roca y Coronado,Panadería,100.0,43.55,0.0,0.0
2026-05-29,La Paz,Calacoto,Carnes,100.0,0.0,0.0,0.0
2026-05-29,La Paz,Calacoto,Bebidas,99.8466,34.21,-0.15340000000000487,1.0015463876023034e-05
2026-05-29,La Paz,Calacoto,Lácteos y Derivados,100.0,29.97,0.0,0.0
2026-05-29,La Paz,Calacoto,Frutas y Verduras,100.0845,34.73,0.08450000000000557,-1.9983074335261364e-06
2026-05-29,La Paz,Calacoto,Panadería,100.0,45.25,0.0,0.0
2026-05-29,Santa Cruz,Roca y Coronado,Carnes,100.0,0.0,0.0,0.0
2026-05-29,Santa Cruz,Roca y Coronado,Lácteos y Derivados,99.8029,46.27,-0.19710000000000605,-0.0008519541886914395
2026-05-29,Santa Cruz,Roca y Coronado,Frutas y Verduras,100.0147,36.86,0.01470000000000482,0.00014700000000011926
2026-05-29,Santa Cruz,Roca y Coronado,Panadería,100.0,43.55,0.0,0.0
2026-05-30,La Paz,Calacoto,Carnes,100.0,0.0,0.0,0.0
2026-05-30,La Paz,Calacoto,Abarrotes,99.8749,22.47,-0.12510000000000332,0.0002954567761759286
2026-05-30,La Paz,Calacoto,Bebidas,99.7937,34.25,-0.20629999999999882,-0.0005298127327320046
2026-05-30,La Paz,Calacoto,Lácteos y Derivados,100.0,26.54,0.0,0.0
2026-05-30,La Paz,Calacoto,Frutas y Verduras,100.0975,34.72,0.09749999999999659,0.00012989024274490113
2026-05-30,La Paz,Calacoto,Panadería,100.0,45.25,0.0,0.0
2026-05-30,Santa Cruz,Roca y Coronado,Carnes,100.0,0.0,0.0,0.0
2026-05-30,Santa Cruz,Roca y Coronado,Abarrotes,100.0191,21.74,0.019099999999994566,0.00022400739224393007
2026-05-30,Santa Cruz,Roca y Coronado,Bebidas,99.9826,23.64,-0.017399999999994975,-0.00031695467548142897
2026-05-30,Santa Cruz,Roca y Coronado,Lácteos y Derivados,99.8034,46.15,-0.19660000000000366,5.009874462613695e-06
2026-05-30,Santa Cruz,Roca y Coronado,Frutas y Verduras,99.9434,36.87,-0.05660000000000309,-0.0007128952044049841
2026-05-30,Santa Cruz,Roca y Coronado,Panadería,100.0,43.49,0.0,0.0
2026-05-31,La Paz,Calacoto,Carnes,100.0,0.0,0.0,0.0
2026-05-31,La Paz,Calacoto,Abarrotes,100.0374,22.46,0.03740000000000521,0.0016270354213121507
2026-05-31,La Paz,Calacoto,Bebidas,99.7931,34.21,-0.20690000000000452,-6.012403588662174e-06
2026-05-31,La Paz,Calacoto,Lácteos y Derivados,100.6353,26.39,0.6353000000000009,0.006353000000000053
2026-05-31,La Paz,Calacoto,Frutas y Verduras,102.9067,35.54,2.9067000000000007,0.02806463697894568
2026-05-31,La Paz,Calacoto,Panadería,102.427,46.34,2.4270000000000067,0.024270000000000014
2026-05-31,Santa Cruz,Roca y Coronado,Carnes,100.0,0.0,0.0,0.0
2026-05-31,Santa Cruz,Roca y Coronado,Abarrotes,100.4509,21.95,0.4509000000000043,0.004317175419495056
2026-05-31,Santa Cruz,Roca y Coronado,Bebidas,99.9695,23.96,-0.030500000000003524,-0.00013102279796695093
2026-05-31,Santa Cruz,Roca y Coronado,Lácteos y Derivados,99.8437,46.3,-0.15630000000000166,0.0004037938587262424
2026-05-31,Santa Cruz,Roca y Coronado,Frutas y Verduras,99.9437,36.8,-0.05629999999999313,3.001698961613286e-06
2026-05-31,Santa Cruz,Roca y Coronado,Panadería,100.0,43.45,0.0,0.0
2026-06-01,La Paz,Calacoto,Carnes,100.0,0.0,0.0,0.0
2026-06-01,La Paz,Calacoto,Abarrotes,100.0373,22.44,0.03730000000000189,-9.996261398637074e-07
2026-06-01,La Paz,Calacoto,Bebidas,99.7928,34.22,-0.20720000000000027,-3.006219868817439e-06
2026-06-01,La Paz,Calacoto,Lácteos y Derivados,100.6485,26.31,0.6484999999999985,0.00013116669796775504
2026-06-01,La Paz,Calacoto,Frutas y Verduras,102.7186,35.48,2.718599999999995,-0.0018278693224056397
2026-06-01,La Paz,Calacoto,Panadería,102.427,46.34,2.4270000000000067,0.0
2026-06-01,Santa Cruz,Roca y Coronado,Carnes,100.0,0.0,0.0,0.0
2026-06-01,Santa Cruz,Roca y Coronado,Bebidas,100.0004,24.1,0.00039999999999906777,0.0003090942737535851
2026-06-01,Santa Cruz,Roca y Coronado,Lácteos y Derivados,99.8473,46.29,-0.15269999999999584,3.605635608461277e-05
2026-06-01,Santa Cruz,Roca y Coronado,Frutas y Verduras,99.9437,36.72,-0.05629999999999313,0.0
2026-06-01,Santa Cruz,Roca y Coronado,Panadería,100.0,43.48,0.0,0.0
2026-06-02,La Paz,Calacoto,Carnes,100.0,0.0,0.0,0.0
2026-06-02,La Paz,Calacoto,Abarrotes,101.3414,22.84,1.341399999999993,0.01303613752070465
2026-06-02,La Paz,Calacoto,Bebidas,100.7268,34.55,0.7267999999999972,0.00935939266159469
2026-06-02,La Paz,Calacoto,Lácteos y Derivados,100.544,30.18,0.5439999999999969,-0.001038266839545554
2026-06-02,La Paz,Calacoto,Frutas y Verduras,100.684,34.75,0.6839999999999975,-0.019807512952863426
2026-06-02,La Paz,Calacoto,Panadería,102.7863,46.51,2.786299999999997,0.0035078641373855746
2026-06-02,Santa Cruz,Roca y Coronado,Carnes,100.0,0.0,0.0,0.0
2026-06-02,Santa Cruz,Roca y Coronado,Abarrotes,100.4524,21.93,0.45239999999999725,1.493266859720066e-05
2026-06-02,Santa Cruz,Roca y Coronado,Bebidas,99.9699,23.99,-0.030100000000004457,-0.0003049987800048948
2026-06-02,Santa Cruz,Roca y Coronado,Lácteos y Derivados,100.5587,46.62,0.5587000000000018,0.00712487969128861
2026-06-02,Santa Cruz,Roca y Coronado,Frutas y Verduras,98.7509,36.14,-1.2490999999999985,-0.01193471924693612
2026-06-02,Santa Cruz,Roca y Coronado,Panadería,100.9462,43.89,0.9462000000000046,0.009462000000000081
2026-06-03,La Paz,Calacoto,Carnes,100.0,0.0,0.0,0.0
2026-06-03,La Paz,Calacoto,Abarrotes,101.316,22.73,1.3160000000000025,-0.00025063794263735506
2026-06-03,La Paz,Calacoto,Bebidas,100.765,34.56,0.7650000000000006,0.00037924365710018115
2026-06-03,La Paz,Calacoto,Lácteos y Derivados,100.544,30.18,0.5439999999999969,0.0
2026-06-03,La Paz,Calacoto,Frutas y Verduras,100.6873,34.53,0.6872999999999934,3.2775813435970136e-05
2026-06-03,La Paz,Calacoto,Panadería,102.7863,46.51,2.786299999999997,0.0
2026-06-03,Santa Cruz,Roca y Coronado,Carnes,100.0,0.0,0.0,0.0
2026-06-03,Santa Cruz,Roca y Coronado,Abarrotes,100.4523,21.95,0.45229999999999393,-9.954963744451817e-07
2026-06-03,Santa Cruz,Roca y Coronado,Bebidas,99.8973,23.42,-0.10269999999999868,-0.0007262185917961128
2026-06-03,Santa Cruz,Roca y Coronado,Frutas y Verduras,98.7524,36.23,-1.2476000000000056,1.5189734979603742e-05
2026-06-03,Santa Cruz,Roca y Coronado,Panadería,100.8235,43.84,0.8234999999999957,-0.0012154989489451262
2026-06-04,La Paz,Calacoto,Carnes,100.0,0.0,0.0,0.0
2026-06-04,La Paz,Calacoto,Abarrotes,101.3169,23.29,1.316900000000004,8.88309842483892e-06
2026-06-04,La Paz,Calacoto,Lácteos y Derivados,100.565,30.18,0.5649999999999977,0.00020886378103113223
2026-06-04,La Paz,Calacoto,Panadería,102.7841,46.64,2.784099999999995,-2.1403630639516003e-05
2026-06-04,Santa Cruz,Roca y Coronado,Carnes,100.0,0.0,0.0,0.0
2026-06-04,Santa Cruz,Roca y Coronado,Abarrotes,100.457,22.06,0.45699999999999363,4.678837617455578e-05
2026-06-04,Santa Cruz,Roca y Coronado,Bebidas,99.8982,24.85,-0.10179999999999723,9.009252502245602e-06
2026-06-04,Santa Cruz,Roca y Coronado,Lácteos y Derivados,100.5775,47.14,0.5775000000000006,0.00018695547973468507
2026-06-04,Santa Cruz,Roca y Coronado,Frutas y Verduras,98.9055,36.49,-1.0944999999999965,0.0015503420676359347
2026-06-04,Santa Cruz,Roca y Coronado,Panadería,100.1664,43.79,0.16639999999999588,-0.006517329789186066
2026-06-05,La Paz,Calacoto,Carnes,100.0,64.0,0.0,0.0
2026-06-05,La Paz,Calacoto,Abarrotes,101.3103,23.41,1.310299999999998,-6.514214311736932e-05
2026-06-05,La Paz,Calacoto,Bebidas,100.7947,35.3,0.794700000000006,0.0002947451992258987
2026-06-05,La Paz,Calacoto,Lácteos y Derivados,100.5979,30.03,0.5978999999999957,0.00032715159349683276
2026-06-05,La Paz,Calacoto,Frutas y Verduras,100.6725,35.84,0.6724999999999994,-0.0001469897395202091
2026-06-05,La Paz,Calacoto,Panadería,102.7882,46.59,2.7882000000000033,3.9889438152584944e-05
2026-06-05,Santa Cruz,Roca y Coronado,Carnes,100.0,0.0,0.0,0.0
2026-06-05,Santa Cruz,Roca y Coronado,Abarrotes,100.4612,22.06,0.46120000000000516,4.1808933175513374e-05
2026-06-05,Santa Cruz,Roca y Coronado,Bebidas,99.9078,24.11,-0.09220000000000539,9.60978275883484e-05
2026-06-05,Santa Cruz,Roca y Coronado,Lácteos y Derivados,100.5618,47.18,0.5618000000000052,-0.00015609853098352833
2026-06-05,Santa Cruz,Roca y Coronado,Frutas y Verduras,98.9628,36.24,-1.0371999999999986,0.0005793408859973148
2026-06-05,Santa Cruz,Roca y Coronado,Panadería,100.1565,43.81,0.1564999999999941,-9.88355376653205e-05
2026-06-06,La Paz,Calacoto,Carnes,100.0,63.0,0.0,0.0
2026-06-06,La Paz,Calacoto,Abarrotes,101.266,23.48,1.2660000000000053,-0.00043727044535446513
2026-06-06,La Paz,Calacoto,Bebidas,100.7985,35.66,0.7985000000000042,3.770039496120425e-05
2026-06-06,La Paz,Calacoto,Lácteos y Derivados,100.6098,29.82,0.609800000000007,0.0001182927277807444
2026-06-06,La Paz,Calacoto,Frutas y Verduras,100.638,36.15,0.6380000000000052,-0.00034269537361242275
2026-06-06,La Paz,Calacoto,Panadería,102.7895,46.59,2.789500000000004,1.2647366137263916e-05
2026-06-06,Santa Cruz,Roca y Coronado,Carnes,100.0,0.0,0.0,0.0
2026-06-06,Santa Cruz,Roca y Coronado,Abarrotes,100.4484,22.09,0.44840000000000657,-0.00012741237413049777
2026-06-06,Santa Cruz,Roca y Coronado,Bebidas,99.9078,24.15,-0.09220000000000539,0.0
2026-06-06,Santa Cruz,Roca y Coronado,Lácteos y Derivados,100.5547,47.34,0.5546999999999969,-7.060335037767373e-05
2026-06-06,Santa Cruz,Roca y Coronado,Frutas y Verduras,98.9968,36.22,-1.0032000000000068,0.000343563439999528
2026-06-06,Santa Cruz,Roca y Coronado,Panadería,100.1565,43.81,0.1564999999999941,0.0
2026-06-07,La Paz,Calacoto,Abarrotes,101.3611,22.76,1.3610999999999933,0.000939110856555958
2026-06-07,La Paz,Calacoto,Bebidas,100.7904,34.96,0.7904000000000053,-8.035833866570918e-05
2026-06-07,La Paz,Calacoto,Lácteos y Derivados,100.6477,30.2,0.6477000000000004,0.0003767028659236171
2026-06-07,La Paz,Calacoto,Frutas y Verduras,100.6878,34.4,0.6877999999999957,0.000494842902283299
2026-06-07,La Paz,Calacoto,Panadería,102.7891,46.63,2.789100000000005,-3.891448056458913e-06
2026-06-07,Santa Cruz,Roca y Coronado,Carnes,100.0,0.0,0.0,0.0
2026-06-07,Santa Cruz,Roca y Coronado,Abarrotes,100.4003,21.86,0.40030000000000143,-0.0004788528239375589
2026-06-07,Santa Cruz,Roca y Coronado,Bebidas,99.9701,23.97,-0.029899999999997817,0.0006235749360912202
2026-06-07,Santa Cruz,Roca y Coronado,Lácteos y Derivados,100.8587,47.26,0.8586999999999989,0.003023230142400024
2026-06-07,Santa Cruz,Roca y Coronado,Frutas y Verduras,99.0219,36.17,-0.9780999999999977,0.0002535435488824067
2026-06-07,Santa Cruz,Roca y Coronado,Panadería,100.1522,43.81,0.15219999999999345,-4.293281015210759e-05
2026-06-08,La Paz,Calacoto,Abarrotes,101.354,22.89,1.3539999999999992,-7.004659578468964e-05
2026-06-08,La Paz,Calacoto,Bebidas,100.8225,35.11,0.8225000000000051,0.0003184827126392342
2026-06-08,La Paz,Calacoto,Lácteos y Derivados,100.5677,29.88,0.5677000000000021,-0.0007948517452460724
2026-06-08,La Paz,Calacoto,Frutas y Verduras,100.7047,35.06,0.7047000000000025,0.00016784555825033465
2026-06-08,La Paz,Calacoto,Panadería,102.7891,46.63,2.789100000000005,0.0
2026-06-08,Santa Cruz,Roca y Coronado,Carnes,100.0,0.0,0.0,0.0
2026-06-08,Santa Cruz,Roca y Coronado,Abarrotes,100.46,21.82,0.45999999999999375,0.0005946197371919926
2026-06-08,Santa Cruz,Roca y Coronado,Bebidas,99.9701,23.94,-0.029899999999997817,0.0
2026-06-08,Santa Cruz,Roca y Coronado,Lácteos y Derivados,100.8613,47.4,0.8613,2.5778638828466427e-05
2026-06-08,Santa Cruz,Roca y Coronado,Frutas y Verduras,99.0973,36.16,-0.9026999999999958,0.000761447720150743
2026-06-08,Santa Cruz,Roca y Coronado,Panadería,100.1522,43.81,0.15219999999999345,0.0
2026-06-09,La Paz,Calacoto,Abarrotes,101.3729,23.0,1.3729000000000013,0.00018647512678326983
2026-06-09,La Paz,Calacoto,Bebidas,100.7951,35.27,0.795100000000005,-0.00027176473505419185
2026-06-09,La Paz,Calacoto,Lácteos y Derivados,100.8827,30.97,0.8826999999999998,0.003132218396164843
2026-06-09,La Paz,Calacoto,Frutas y Verduras,100.6936,35.64,0.6936000000000035,-0.00011022325670995148
2026-06-09,La Paz,Calacoto,Panadería,102.7506,46.59,2.7506000000000057,-0.00037455333298952453
2026-06-09,Santa Cruz,Roca y Coronado,Carnes,100.0,0.0,0.0,0.0
2026-06-09,Santa Cruz,Roca y Coronado,Abarrotes,100.3969,21.64,0.39690000000000225,-0.0006281106908221368
2026-06-09,Santa Cruz,Roca y Coronado,Bebidas,99.98,23.99,-0.01999999999999602,9.902960985330722e-05
2026-06-09,Santa Cruz,Roca y Coronado,Lácteos y Derivados,100.8611,47.34,0.8610999999999933,-1.98292110065168e-06
2026-06-09,Santa Cruz,Roca y Coronado,Frutas y Verduras,99.1235,36.09,-0.876499999999993,0.000264386618000767
2026-06-09,Santa Cruz,Roca y Coronado,Panadería,99.8973,43.63,-0.10269999999999868,-0.002545126317744284
2026-06-10,La Paz,Calacoto,Abarrotes,101.3148,22.79,1.3148000000000053,-0.0005731314779393593
2026-06-10,La Paz,Calacoto,Bebidas,100.7734,35.11,0.7733999999999952,-0.00021528824317862405
2026-06-10,La Paz,Calacoto,Lácteos y Derivados,100.8888,30.46,0.8888000000000034,6.046626428513058e-05
2026-06-10,La Paz,Calacoto,Frutas y Verduras,100.759,35.23,0.7590000000000003,0.0006494951019726525
2026-06-10,La Paz,Calacoto,Panadería,102.7536,46.49,2.753600000000006,2.9196909798967496e-05
2026-06-10,Santa Cruz,Roca y Coronado,Abarrotes,100.4086,21.56,0.40860000000000696,0.00011653746281026223
2026-06-10,Santa Cruz,Roca y Coronado,Bebidas,100.0008,24.01,0.0007999999999981355,0.00020804160832166296
2026-06-10,Santa Cruz,Roca y Coronado,Lácteos y Derivados,100.5944,47.37,0.5943999999999932,-0.0026442305308984615
2026-06-10,Santa Cruz,Roca y Coronado,Frutas y Verduras,99.1141,35.98,-0.8859000000000066,-9.483119542808005e-05
2026-06-10,Santa Cruz,Roca y Coronado,Panadería,99.8942,43.71,-0.10580000000000211,-3.1031869730302475e-05
2026-06-16,La Paz,Calacoto,Abarrotes,100.0408,22.58,0.04080000000000439,-0.012574668261695288
2026-06-16,La Paz,Calacoto,Bebidas,99.2631,35.2,-0.7369000000000057,-0.014987089847122381
2026-06-16,La Paz,Calacoto,Lácteos y Derivados,101.2042,27.81,1.2042000000000002,0.0031262142081183164
2026-06-16,La Paz,Calacoto,Frutas y Verduras,98.3637,37.95,-1.6363000000000056,-0.023772566222372227
2026-06-16,La Paz,Calacoto,Panadería,100.413,45.36,0.4129999999999967,-0.022778763955715542
2026-06-16,Santa Cruz,Roca y Coronado,Carnes,100.0,0.0,0.0,0.0
2026-06-16,Santa Cruz,Roca y Coronado,Abarrotes,99.8101,23.46,-0.1898999999999944,-0.005960644805325432
2026-06-16,Santa Cruz,Roca y Coronado,Bebidas,99.1897,23.17,-0.810299999999998,-0.008110935112519035
2026-06-16,Santa Cruz,Roca y Coronado,Lácteos y Derivados,100.8527,47.29,0.8526999999999987,0.002567737369078227
2026-06-16,Santa Cruz,Roca y Coronado,Frutas y Verduras,99.232,37.49,-0.7680000000000007,0.0011895381181890041
2026-06-16,Santa Cruz,Roca y Coronado,Panadería,99.9228,43.56,-0.07720000000000482,0.0002863029084771984
2026-06-17,La Paz,Calacoto,Carnes,100.0,0.0,0.0,0.0
2026-06-17,La Paz,Calacoto,Abarrotes,100.2546,22.97,0.2545999999999964,0.002137128051754811
2026-06-17,La Paz,Calacoto,Bebidas,99.2938,35.33,-0.7061999999999955,0.00030927907752231754
2026-06-17,La Paz,Calacoto,Lácteos y Derivados,101.3768,28.16,1.376800000000003,0.001705462816760539
2026-06-17,La Paz,Calacoto,Frutas y Verduras,98.3662,38.07,-1.6337999999999937,2.5415880045231987e-05
2026-06-17,La Paz,Calacoto,Panadería,100.414,45.29,0.4140000000000015,9.95886986743244e-06
2026-06-17,Santa Cruz,Roca y Coronado,Carnes,100.0,0.0,0.0,0.0
2026-06-17,Santa Cruz,Roca y Coronado,Abarrotes,99.7969,23.38,-0.20310000000000628,-0.00013225114492432244
2026-06-17,Santa Cruz,Roca y Coronado,Bebidas,99.1623,23.15,-0.8376999999999981,-0.0002762383594264728
2026-06-17,Santa Cruz,Roca y Coronado,Lácteos y Derivados,100.6243,47.15,0.6243000000000052,-0.0022646889969232253
2026-06-17,Santa Cruz,Roca y Coronado,Frutas y Verduras,99.2319,37.5,-0.768100000000004,-1.0077394388963157e-06
2026-06-17,Santa Cruz,Roca y Coronado,Panadería,99.9223,43.34,-0.077699999999993,-5.003862982078111e-06
2026-06-18,La Paz,Calacoto,Carnes,100.0,0.0,0.0,0.0
2026-06-18,La Paz,Calacoto,Abarrotes,100.2922,23.0,0.292199999999994,0.00037504513508612725
2026-06-18,La Paz,Calacoto,Bebidas,99.2901,35.47,-0.7099000000000046,-3.726315238217204e-05
2026-06-18,La Paz,Calacoto,Lácteos y Derivados,101.4506,26.9,1.4505999999999943,0.0007279772097756876
2026-06-18,La Paz,Calacoto,Frutas y Verduras,98.3646,38.06,-1.6354000000000042,-1.626574982072082e-05
2026-06-18,La Paz,Calacoto,Panadería,100.414,45.29,0.4140000000000015,0.0
2026-06-18,Santa Cruz,Roca y Coronado,Carnes,100.0,0.0,0.0,0.0
2026-06-18,Santa Cruz,Roca y Coronado,Abarrotes,99.695,23.36,-0.3050000000000068,-0.0010210738008895603
2026-06-18,Santa Cruz,Roca y Coronado,Bebidas,99.1493,23.36,-0.8507000000000033,-0.0001310982097026958
2026-06-18,Santa Cruz,Roca y Coronado,Lácteos y Derivados,100.6324,47.32,0.6324000000000041,8.049745439220324e-05
2026-06-18,Santa Cruz,Roca y Coronado,Frutas y Verduras,99.2228,37.5,-0.7771999999999935,-9.1704381353086e-05
2026-06-18,Santa Cruz,Roca y Coronado,Panadería,99.681,43.24,-0.3190000000000026,-0.0024148763589310063
2026-06-19,La Paz,Calacoto,Carnes,100.0,0.0,0.0,0.0
2026-06-19,La Paz,Calacoto,Abarrotes,100.3059,22.99,0.30589999999999407,0.0001366008523095985
2026-06-19,La Paz,Calacoto,Bebidas,99.2695,35.44,-0.7305000000000064,-0.00020747284976041502
2026-06-19,La Paz,Calacoto,Lácteos y Derivados,101.4726,26.13,1.4726,0.0002168543113594268
2026-06-19,La Paz,Calacoto,Frutas y Verduras,98.3465,38.08,-1.653499999999994,-0.00018400928789408244
2026-06-19,La Paz,Calacoto,Panadería,100.4153,45.22,0.415300000000002,1.2946401896085646e-05
2026-06-19,Santa Cruz,Roca y Coronado,Carnes,100.0,0.0,0.0,0.0
2026-06-19,Santa Cruz,Roca y Coronado,Abarrotes,99.6344,23.34,-0.3656000000000006,-0.0006078539545613104
2026-06-19,Santa Cruz,Roca y Coronado,Bebidas,99.1036,23.17,-0.8963999999999999,-0.0004609210554183951
2026-06-19,Santa Cruz,Roca y Coronado,Lácteos y Derivados,100.6251,47.43,0.6251000000000033,-7.254124914046756e-05
2026-06-19,Santa Cruz,Roca y Coronado,Frutas y Verduras,99.2017,37.59,-0.7982999999999976,-0.00021265273707260501
2026-06-19,Santa Cruz,Roca y Coronado,Panadería,99.6801,43.26,-0.31990000000000407,-9.028801878030457e-06
2026-06-23,La Paz,Calacoto,Carnes,100.0,0.0,0.0,0.0
2026-06-23,La Paz,Calacoto,Abarrotes,100.276,23.09,0.27599999999999625,-0.00029808814835419195
2026-06-23,La Paz,Calacoto,Bebidas,99.1196,36.24,-0.8803999999999945,-0.001510030774809823
2026-06-23,La Paz,Calacoto,Lácteos y Derivados,101.3784,25.3,1.3783999999999992,-0.000928329420947116
2026-06-23,La Paz,Calacoto,Frutas y Verduras,98.336,38.1,-1.6640000000000015,-0.00010676536531561975
2026-06-23,La Paz,Calacoto,Panadería,100.4161,45.25,0.41610000000000014,7.966913408541387e-06
2026-06-23,Santa Cruz,Roca y Coronado,Carnes,100.0,0.0,0.0,0.0
2026-06-23,Santa Cruz,Roca y Coronado,Abarrotes,99.7319,23.63,-0.268100000000004,0.0009785776799979828
2026-06-23,Santa Cruz,Roca y Coronado,Bebidas,99.111,23.11,-0.8889999999999958,7.466933592725766e-05
2026-06-23,Santa Cruz,Roca y Coronado,Lácteos y Derivados,100.0167,46.98,0.01670000000000016,-0.00604620517147314
2026-06-23,Santa Cruz,Roca y Coronado,Frutas y Verduras,99.2287,37.63,-0.7712999999999965,0.0002721727551040498
2026-06-23,Santa Cruz,Roca y Coronado,Panadería,99.7045,44.9,-0.2955000000000041,0.00024478306101216596
2026-06-24,La Paz,Calacoto,Carnes,100.0,0.0,0.0,0.0
2026-06-24,La Paz,Calacoto,Abarrotes,100.2801,23.08,0.28010000000000446,4.088715146211008e-05
2026-06-24,La Paz,Calacoto,Bebidas,99.0916,36.98,-0.9084000000000003,-0.000282487015686117
2026-06-24,La Paz,Calacoto,Lácteos y Derivados,100.981,30.99,0.9809999999999945,-0.003919967172494432
2026-06-24,La Paz,Calacoto,Frutas y Verduras,98.3238,38.45,-1.6761999999999944,-0.00012406443215096097
2026-06-24,La Paz,Calacoto,Panadería,101.3459,46.5,1.3459000000000003,0.009259471339755354
2026-06-24,Santa Cruz,Roca y Coronado,Carnes,100.0,0.0,0.0,0.0
2026-06-24,Santa Cruz,Roca y Coronado,Abarrotes,99.7219,23.61,-0.2780999999999949,-0.00010026882070823806
2026-06-24,Santa Cruz,Roca y Coronado,Bebidas,99.0838,23.12,-0.9162000000000035,-0.0002744397695514378
2026-06-24,Santa Cruz,Roca y Coronado,Lácteos y Derivados,100.2279,47.13,0.22790000000000532,0.002111647354891888
2026-06-24,Santa Cruz,Roca y Coronado,Frutas y Verduras,99.2307,37.68,-0.7693000000000012,2.015545905575955e-05
2026-06-24,Santa Cruz,Roca y Coronado,Panadería,99.6896,44.87,-0.31040000000000134,-0.00014944159992780204
2026-06-25,La Paz,Calacoto,Carnes,100.0,0.0,0.0,0.0
2026-06-25,La Paz,Calacoto,Abarrotes,100.2599,23.1,0.2599000000000018,-0.0002014357783847176
2026-06-25,La Paz,Calacoto,Bebidas,99.0554,36.46,-0.9445999999999941,-0.0003653185537421111
2026-06-25,La Paz,Calacoto,Lácteos y Derivados,100.9139,31.59,0.9138999999999982,-0.0006644814371019603
2026-06-25,La Paz,Calacoto,Frutas y Verduras,98.6857,37.68,-1.314300000000003,0.0036806958233916998
2026-06-25,La Paz,Calacoto,Panadería,100.3933,45.12,0.39329999999999643,-0.009399492234022366
2026-06-25,Santa Cruz,Roca y Coronado,Carnes,100.0,0.0,0.0,0.0
2026-06-25,Santa Cruz,Roca y Coronado,Abarrotes,99.6317,23.61,-0.36830000000000496,-0.0009045154574873759
2026-06-25,Santa Cruz,Roca y Coronado,Bebidas,99.0707,23.09,-0.9292999999999978,-0.00013221132011487224
2026-06-25,Santa Cruz,Roca y Coronado,Lácteos y Derivados,100.2137,47.13,0.2137000000000029,-0.00014167711784840442
2026-06-25,Santa Cruz,Roca y Coronado,Frutas y Verduras,99.2275,37.65,-0.7724999999999937,-3.2248084514074904e-05
2026-06-25,Santa Cruz,Roca y Coronado,Panadería,99.6969,44.24,-0.3031000000000006,7.322729753145296e-05
2026-06-26,La Paz,Calacoto,Carnes,100.0,0.0,0.0,0.0
2026-06-26,La Paz,Calacoto,Abarrotes,100.2346,23.17,0.23460000000000036,-0.0002523441575346119
2026-06-26,La Paz,Calacoto,Bebidas,99.1123,36.33,-0.8876999999999953,0.0005744260282629643
2026-06-26,La Paz,Calacoto,Lácteos y Derivados,100.918,31.6,0.9180000000000064,4.062869436238792e-05
2026-06-26,La Paz,Calacoto,Frutas y Verduras,98.6971,37.66,-1.302899999999994,0.00011551825644451341
2026-06-26,La Paz,Calacoto,Panadería,100.3927,45.14,0.39270000000000493,-5.9764944472240344e-06
2026-06-26,Santa Cruz,Roca y Coronado,Carnes,100.0,0.0,0.0,0.0
2026-06-26,Santa Cruz,Roca y Coronado,Abarrotes,99.6562,23.51,-0.34380000000000166,0.0002459056705848006
2026-06-26,Santa Cruz,Roca y Coronado,Bebidas,99.2225,23.16,-0.7775000000000034,0.0015322390979370937
2026-06-26,Santa Cruz,Roca y Coronado,Lácteos y Derivados,100.2165,47.01,0.21649999999999636,2.7940291596806333e-05
2026-06-26,Santa Cruz,Roca y Coronado,Frutas y Verduras,99.2092,37.56,-0.7908000000000044,-0.00018442468065815731
2026-06-26,Santa Cruz,Roca y Coronado,Panadería,99.696,44.12,-0.30400000000000205,-9.027361934088596e-06
2026-06-27,La Paz,Calacoto,Carnes,100.0,0.0,0.0,0.0
2026-06-27,La Paz,Calacoto,Abarrotes,100.2363,23.03,0.23629999999999995,1.6960211344230203e-05
2026-06-27,La Paz,Calacoto,Bebidas,99.2092,36.39,-0.7908000000000044,0.0009776788551973947
2026-06-27,La Paz,Calacoto,Lácteos y Derivados,101.0229,29.41,1.022900000000007,0.0010394577776016156
2026-06-27,La Paz,Calacoto,Frutas y Verduras,98.6993,37.68,-1.3007000000000062,2.22904219069342e-05
2026-06-27,La Paz,Calacoto,Panadería,100.388,45.37,0.38800000000000523,-4.6816152967310565e-05
2026-06-27,Santa Cruz,Roca y Coronado,Carnes,100.0,0.0,0.0,0.0
2026-06-27,Santa Cruz,Roca y Coronado,Abarrotes,99.6417,23.52,-0.35829999999999984,-0.00014550022978998545
2026-06-27,Santa Cruz,Roca y Coronado,Bebidas,99.2103,23.09,-0.7896999999999963,-0.00012295598276590436
2026-06-27,Santa Cruz,Roca y Coronado,Lácteos y Derivados,100.226,45.73,0.2259999999999991,9.479476932439113e-05
2026-06-27,Santa Cruz,Roca y Coronado,Frutas y Verduras,99.2101,37.54,-0.7899000000000029,9.071739314414629e-06
2026-06-27,Santa Cruz,Roca y Coronado,Panadería,99.6955,44.1,-0.30450000000000443,-5.01524634888284e-06
2026-06-28,La Paz,Calacoto,Carnes,100.0,0.0,0.0,0.0
2026-06-28,La Paz,Calacoto,Abarrotes,100.1082,22.98,0.10819999999999652,-0.0012779801329458884
2026-06-28,La Paz,Calacoto,Bebidas,99.1845,36.77,-0.8155000000000001,-0.00024896884563119226
2026-06-28,La Paz,Calacoto,Lácteos y Derivados,99.1521,33.45,-0.8478999999999957,-0.018518573511550396
2026-06-28,La Paz,Calacoto,Frutas y Verduras,98.7132,37.7,-1.2867999999999995,0.0001408317992124264
2026-06-28,La Paz,Calacoto,Panadería,100.3907,45.41,0.3906999999999954,2.6895644897662052e-05
2026-06-28,Santa Cruz,Roca y Coronado,Carnes,100.0,0.0,0.0,0.0
2026-06-28,Santa Cruz,Roca y Coronado,Abarrotes,99.6407,23.49,-0.3593000000000046,-1.0035958840526327e-05
2026-06-28,Santa Cruz,Roca y Coronado,Bebidas,99.8451,16.88,-0.15489999999999782,0.006398529184973745
2026-06-28,Santa Cruz,Roca y Coronado,Lácteos y Derivados,100.2292,45.75,0.22920000000000584,3.1927843074708306e-05
2026-06-28,Santa Cruz,Roca y Coronado,Frutas y Verduras,99.2165,37.53,-0.7835000000000036,6.450956102255212e-05
2026-06-28,Santa Cruz,Roca y Coronado,Panadería,99.6901,44.1,-0.30989999999999895,-5.416493221854779e-05
2026-06-29,La Paz,Calacoto,Carnes,100.0,0.0,0.0,0.0
2026-06-29,La Paz,Calacoto,Abarrotes,100.1097,23.0,0.10970000000000368,1.4983787542055538e-05
2026-06-29,La Paz,Calacoto,Bebidas,99.1784,36.92,-0.8216000000000037,-6.150154510031758e-05
2026-06-29,La Paz,Calacoto,Lácteos y Derivados,99.1501,33.42,-0.8499000000000052,-2.0171030164828352e-05
2026-06-29,La Paz,Calacoto,Frutas y Verduras,98.7096,37.77,-1.2904000000000053,-3.6469286782359056e-05
2026-06-29,La Paz,Calacoto,Panadería,100.3907,45.41,0.3906999999999954,0.0
2026-06-29,Santa Cruz,Roca y Coronado,Carnes,100.0,0.0,0.0,0.0
2026-06-29,Santa Cruz,Roca y Coronado,Abarrotes,99.6403,23.49,-0.3597000000000037,-4.014423824805213e-06
2026-06-29,Santa Cruz,Roca y Coronado,Bebidas,99.2045,23.09,-0.7955000000000041,-0.006415938288408807
2026-06-29,Santa Cruz,Roca y Coronado,Lácteos y Derivados,100.2197,46.12,0.21970000000000312,-9.478275791885427e-05
2026-06-29,Santa Cruz,Roca y Coronado,Frutas y Verduras,99.2153,37.54,-0.7847000000000008,-1.2094762463887854e-05
2026-06-29,Santa Cruz,Roca y Coronado,Panadería,99.69,44.1,-0.3100000000000023,-1.0031086337125572e-06
2026-07-01,La Paz,Calacoto,Carnes,100.0,0.0,0.0,0.0
2026-07-01,La Paz,Calacoto,Abarrotes,100.3056,23.03,0.3055999999999983,0.00195685333189477
2026-07-01,La Paz,Calacoto,Bebidas,99.8459,37.83,-0.15409999999999968,0.006730296112863243
2026-07-01,La Paz,Calacoto,Lácteos y Derivados,99.2066,32.32,-0.7934000000000054,0.0005698430964768963
2026-07-01,La Paz,Calacoto,Frutas y Verduras,100.5096,34.75,0.509600000000006,0.018235308419849883
2026-07-01,La Paz,Calacoto,Panadería,102.3005,46.48,2.3004999999999995,0.019023674503714005
2026-07-01,Santa Cruz,Roca y Coronado,Carnes,100.0,0.0,0.0,0.0
2026-07-01,Santa Cruz,Roca y Coronado,Abarrotes,99.823,22.43,-0.1770000000000067,0.0018335954428077006
2026-07-01,Santa Cruz,Roca y Coronado,Panadería,101.2747,44.92,1.2746999999999957,0.015896278463235936
2026-07-02,La Paz,Calacoto,Carnes,100.0,0.0,0.0,0.0
2026-07-02,La Paz,Calacoto,Abarrotes,100.3057,23.03,0.30570000000000164,9.969533107945239e-07
2026-07-02,La Paz,Calacoto,Bebidas,99.8459,37.89,-0.15409999999999968,0.0
2026-07-02,La Paz,Calacoto,Lácteos y Derivados,99.2066,32.32,-0.7934000000000054,0.0
2026-07-02,La Paz,Calacoto,Frutas y Verduras,100.1584,38.97,0.15840000000000032,-0.0034941935894681198
2026-07-02,La Paz,Calacoto,Panadería,102.3222,46.49,2.322199999999995,0.00021212017536575978
2026-07-02,Santa Cruz,Roca y Coronado,Carnes,100.0,0.0,0.0,0.0
2026-07-02,Santa Cruz,Roca y Coronado,Abarrotes,100.0794,21.31,0.0794000000000068,0.0025685463269988773
2026-07-02,Santa Cruz,Roca y Coronado,Lácteos y Derivados,100.4693,46.4,0.46930000000000405,0.0024905283093044073
2026-07-02,Santa Cruz,Roca y Coronado,Frutas y Verduras,101.1398,38.27,1.139799999999994,0.019397209906133472
2026-07-02,Santa Cruz,Roca y Coronado,Panadería,100.9042,44.75,0.904200000000003,-0.003658366798420465
2026-07-03,Santa Cruz,Roca y Coronado,Carnes,100.0,0.0,0.0,0.0
2026-07-03,Santa Cruz,Roca y Coronado,Abarrotes,99.7773,22.21,-0.22270000000000323,-0.003018603229036243
2026-07-04,La Paz,Calacoto,Carnes,100.0,0.0,0.0,0.0
2026-07-04,La Paz,Calacoto,Abarrotes,100.3068,23.01,0.3067999999999955,1.0966475484375238e-05
2026-07-04,La Paz,Calacoto,Bebidas,99.8831,37.9,-0.11690000000000111,0.00037257413674463
2026-07-04,La Paz,Calacoto,Lácteos y Derivados,99.2066,32.32,-0.7934000000000054,0.0
2026-07-04,La Paz,Calacoto,Frutas y Verduras,100.2707,39.0,0.27070000000000505,0.001121223981213726
2026-07-04,La Paz,Calacoto,Panadería,101.8052,46.25,1.8051999999999992,-0.005052666967676589
2026-07-04,Santa Cruz,Roca y Coronado,Carnes,100.0,0.0,0.0,0.0
2026-07-04,Santa Cruz,Roca y Coronado,Abarrotes,99.6508,23.53,-0.3491999999999962,-0.00126782344280707
2026-07-04,Santa Cruz,Roca y Coronado,Bebidas,99.3267,23.21,-0.6732999999999976,0.0012317989607326663
2026-07-04,Santa Cruz,Roca y Coronado,Lácteos y Derivados,100.3612,46.39,0.36119999999999663,-0.0010759505640032252
2026-07-04,Santa Cruz,Roca y Coronado,Frutas y Verduras,100.7108,38.11,0.7108000000000061,-0.00424165363190343
2026-07-04,Santa Cruz,Roca y Coronado,Panadería,100.2478,44.46,0.24779999999999802,-0.006505180160984447
2026-07-05,La Paz,Calacoto,Carnes,100.0,0.0,0.0,0.0
2026-07-05,La Paz,Calacoto,Abarrotes,100.3866,23.22,0.3866000000000014,0.0007955592242998577
2026-07-05,La Paz,Calacoto,Bebidas,100.6282,27.68,0.6282000000000068,0.007459720413163007
2026-07-05,La Paz,Calacoto,Lácteos y Derivados,99.1729,32.78,-0.8271000000000015,-0.00033969514125065103
2026-07-05,La Paz,Calacoto,Frutas y Verduras,100.0988,39.49,0.09879999999999711,-0.001714359229565643
2026-07-05,La Paz,Calacoto,Panadería,101.8196,46.12,1.819599999999994,0.00014144660587067648
2026-07-05,Santa Cruz,Roca y Coronado,Carnes,100.0,0.0,0.0,0.0
2026-07-05,Santa Cruz,Roca y Coronado,Abarrotes,99.6419,23.6,-0.3580999999999932,-8.931187707472699e-05
2026-07-05,Santa Cruz,Roca y Coronado,Bebidas,99.2827,24.2,-0.7172999999999945,-0.0004429826018582661
2026-07-05,Santa Cruz,Roca y Coronado,Lácteos y Derivados,100.3808,47.89,0.3807999999999936,0.00019529459591960396
2026-07-05,Santa Cruz,Roca y Coronado,Frutas y Verduras,100.4005,35.14,0.40049999999999386,-0.0030810995444382483
2026-07-05,Santa Cruz,Roca y Coronado,Panadería,100.2536,44.8,0.2536000000000058,5.785663126789409e-05
2026-07-06,La Paz,Calacoto,Carnes,100.0,0.0,0.0,0.0
2026-07-06,La Paz,Calacoto,Abarrotes,100.4506,23.08,0.45059999999999434,0.0006375352885743535
2026-07-06,La Paz,Calacoto,Bebidas,99.8486,40.45,-0.15139999999999532,-0.0077473312649933845
2026-07-06,La Paz,Calacoto,Lácteos y Derivados,99.1705,33.11,-0.8294999999999959,-2.4200159519316422e-05
2026-07-06,La Paz,Calacoto,Frutas y Verduras,100.0905,39.57,0.0905000000000058,-8.29180769399418e-05
2026-07-06,La Paz,Calacoto,Panadería,101.8294,46.02,1.8294000000000068,9.624865939383831e-05
2026-07-06,Santa Cruz,Roca y Coronado,Carnes,100.0,0.0,0.0,0.0
2026-07-06,Santa Cruz,Roca y Coronado,Abarrotes,99.6431,23.61,-0.356899999999996,1.2043126435656859e-05
2026-07-06,Santa Cruz,Roca y Coronado,Bebidas,99.2986,24.28,-0.7014000000000067,0.00016014874696179682
2026-07-06,Santa Cruz,Roca y Coronado,Lácteos y Derivados,100.3745,48.41,0.3744999999999976,-6.27610060888184e-05
2026-07-06,Santa Cruz,Roca y Coronado,Frutas y Verduras,100.5868,38.09,0.5867999999999967,0.0018555684483643198
2026-07-06,Santa Cruz,Roca y Coronado,Panadería,100.2306,44.46,0.23059999999999548,-0.00022941819545641007
2026-07-07,La Paz,Calacoto,Carnes,100.0,0.0,0.0,0.0
2026-07-07,La Paz,Calacoto,Abarrotes,100.3507,23.02,0.35070000000000334,-0.0009945186987433408
2026-07-07,La Paz,Calacoto,Bebidas,99.7652,38.55,-0.234800000000007,-0.0008352645905902456
2026-07-07,La Paz,Calacoto,Lácteos y Derivados,99.4975,35.4,-0.5024999999999977,0.003297351530949122
2026-07-07,La Paz,Calacoto,Frutas y Verduras,100.8343,33.42,0.8342999999999989,0.007431274696399592
2026-07-07,La Paz,Calacoto,Panadería,101.8196,46.13,1.819599999999994,-9.623939648095714e-05
2026-07-07,Santa Cruz,Roca y Coronado,Carnes,100.0,0.0,0.0,0.0
2026-07-07,Santa Cruz,Roca y Coronado,Abarrotes,99.6322,22.4,-0.36780000000000257,-0.0001093904143890656
2026-07-07,Santa Cruz,Roca y Coronado,Lácteos y Derivados,100.3191,46.73,0.31910000000000593,-0.0005519330108741949
2026-07-07,Santa Cruz,Roca y Coronado,Frutas y Verduras,100.534,37.99,0.534000000000006,-0.0005249197707849484
2026-07-07,Santa Cruz,Roca y Coronado,Panadería,100.2882,44.56,0.28820000000000334,0.0005746747999115787
2026-07-08,La Paz,Calacoto,Carnes,100.0,0.0,0.0,0.0
2026-07-08,La Paz,Calacoto,Abarrotes,100.254,23.07,0.2540000000000049,-0.0009636205826167865
2026-07-08,La Paz,Calacoto,Bebidas,99.7576,38.54,-0.2424000000000035,-7.61788679819464e-05
2026-07-08,La Paz,Calacoto,Lácteos y Derivados,99.5287,35.19,-0.4712999999999994,0.0003135757179828502
2026-07-08,La Paz,Calacoto,Frutas y Verduras,100.0469,38.88,0.046899999999993724,-0.0078088507581249855
2026-07-08,La Paz,Calacoto,Panadería,100.7296,45.48,0.7296000000000049,-0.010705208034602287
2026-07-08,Santa Cruz,Roca y Coronado,Carnes,100.0,0.0,0.0,0.0
2026-07-08,Santa Cruz,Roca y Coronado,Abarrotes,99.5061,23.36,-0.49389999999999645,-0.0012656550793819221
2026-07-08,Santa Cruz,Roca y Coronado,Bebidas,98.9667,23.26,-1.033299999999997,-0.0033424439015251606
2026-07-08,Santa Cruz,Roca y Coronado,Lácteos y Derivados,100.3166,46.84,0.316599999999994,-2.4920478752465947e-05
2026-07-08,Santa Cruz,Roca y Coronado,Frutas y Verduras,100.5328,38.02,0.5327999999999946,-1.1936260369771468e-05
2026-07-08,Santa Cruz,Roca y Coronado,Panadería,100.283,44.07,0.28300000000000125,-5.185056666690002e-05
2026-07-09,La Paz,Calacoto,Carnes,100.0,0.0,0.0,0.0
2026-07-09,La Paz,Calacoto,Abarrotes,100.8109,27.93,0.8109000000000037,0.005554890577932126
2026-07-09,Santa Cruz,Roca y Coronado,Carnes,100.0,0.0,0.0,0.0
2026-07-09,Santa Cruz,Roca y Coronado,Abarrotes,99.3158,23.36,-0.6842000000000041,-0.0019124455686636566
2026-07-09,Santa Cruz,Roca y Coronado,Bebidas,98.7651,23.08,-1.2348999999999961,-0.0020370488255140318
2026-07-09,Santa Cruz,Roca y Coronado,Lácteos y Derivados,100.1348,45.91,0.13479999999999848,-0.0018122623773133562
2026-07-09,Santa Cruz,Roca y Coronado,Frutas y Verduras,100.5136,37.95,0.5135999999999967,-0.00019098244553017452
2026-07-09,Santa Cruz,Roca y Coronado,Panadería,100.2903,44.16,0.290300000000002,7.279399299986444e-05
2026-07-10,La Paz,Calacoto,Carnes,100.0,0.0,0.0,0.0
2026-07-10,La Paz,Calacoto,Abarrotes,100.2624,23.08,0.2623999999999995,-0.005440879904851648
2026-07-10,La Paz,Calacoto,Bebidas,99.7404,36.48,-0.25960000000000605,-0.00017241794108924235
2026-07-10,La Paz,Calacoto,Lácteos y Derivados,99.5516,34.21,-0.44840000000000657,0.00023008438771920936
2026-07-10,La Paz,Calacoto,Frutas y Verduras,100.0367,38.61,0.03669999999999618,-0.00010195218442543563
2026-07-10,La Paz,Calacoto,Panadería,100.7202,45.21,0.7202000000000055,-9.331914352883608e-05
2026-07-10,Santa Cruz,Roca y Coronado,Carnes,100.0,0.0,0.0,0.0
2026-07-10,Santa Cruz,Roca y Coronado,Abarrotes,99.2115,23.31,-0.7884999999999991,-0.0010501853682898243
2026-07-10,Santa Cruz,Roca y Coronado,Bebidas,98.7982,23.17,-1.2018000000000058,0.00033513862690348617
2026-07-10,Santa Cruz,Roca y Coronado,Lácteos y Derivados,100.138,46.0,0.13800000000000523,3.195692206903189e-05
2026-07-10,Santa Cruz,Roca y Coronado,Frutas y Verduras,100.5055,38.0,0.5054999999999978,-8.058610974037705e-05
2026-07-10,Santa Cruz,Roca y Coronado,Panadería,100.2891,44.24,0.2891000000000048,-1.1965264836155676e-05
2026-07-11,La Paz,Calacoto,Carnes,100.0,0.0,0.0,0.0
2026-07-11,La Paz,Calacoto,Abarrotes,100.5424,23.26,0.5424000000000007,0.0027926720285968987
2026-07-11,La Paz,Calacoto,Bebidas,99.0657,35.42,-0.9342999999999932,-0.006764560799836228
2026-07-11,La Paz,Calacoto,Lácteos y Derivados,99.5563,34.58,-0.44370000000000687,4.721169725052654e-05
2026-07-11,La Paz,Calacoto,Frutas y Verduras,100.3477,29.67,0.34770000000000323,0.003108859048729151
2026-07-11,La Paz,Calacoto,Panadería,102.0781,43.71,2.0781000000000063,0.013481903332201561
2026-07-11,Santa Cruz,Roca y Coronado,Carnes,100.0,0.0,0.0,0.0
2026-07-11,Santa Cruz,Roca y Coronado,Abarrotes,100.1526,22.45,0.15260000000000673,0.00948579549749784
2026-07-11,Santa Cruz,Roca y Coronado,Bebidas,100.1698,16.4,0.16979999999999507,0.013882844019425411
2026-07-11,Santa Cruz,Roca y Coronado,Lácteos y Derivados,100.1347,45.55,0.13469999999999516,-3.2954522758643634e-05
2026-07-11,Santa Cruz,Roca y Coronado,Frutas y Verduras,100.7416,35.18,0.7416000000000054,0.002349125172254274
2026-07-11,Santa Cruz,Roca y Coronado,Panadería,100.2891,44.24,0.2891000000000048,0.0
2026-07-12,La Paz,Calacoto,Carnes,100.0,0.0,0.0,0.0
2026-07-12,La Paz,Calacoto,Abarrotes,100.2461,22.79,0.24609999999999843,-0.0029470153885325923
2026-07-12,La Paz,Calacoto,Bebidas,99.4344,36.13,-0.5656000000000034,0.0037217725206604158
2026-07-12,La Paz,Calacoto,Lácteos y Derivados,99.4559,34.52,-0.5441000000000003,-0.0010084746018081958
2026-07-12,La Paz,Calacoto,Frutas y Verduras,99.9491,38.59,-0.05089999999999861,-0.0039721886998904665
2026-07-12,La Paz,Calacoto,Panadería,98.6875,44.33,-1.3125,-0.033215743631591965
2026-07-12,Santa Cruz,Roca y Coronado,Carnes,100.0,0.0,0.0,0.0
2026-07-12,Santa Cruz,Roca y Coronado,Abarrotes,99.0513,23.28,-0.9487000000000023,-0.010996219768633186
2026-07-12,Santa Cruz,Roca y Coronado,Bebidas,98.7643,23.09,-1.2356999999999942,-0.014031175064739942
2026-07-12,Santa Cruz,Roca y Coronado,Lácteos y Derivados,100.1334,45.58,0.13339999999999463,-1.2982512555548276e-05
2026-07-12,Santa Cruz,Roca y Coronado,Frutas y Verduras,100.4933,38.0,0.49330000000000496,-0.0024647216244332304
2026-07-12,Santa Cruz,Roca y Coronado,Panadería,100.3116,44.21,0.31159999999999854,0.00022435140010235166
2026-07-13,La Paz,Calacoto,Carnes,100.0,0.0,0.0,0.0
2026-07-13,La Paz,Calacoto,Abarrotes,100.247,22.8,0.2469999999999999,8.97790537490728e-06
2026-07-13,La Paz,Calacoto,Bebidas,99.9634,26.7,-0.03660000000000707,0.0053200904314805175
2026-07-13,La Paz,Calacoto,Lácteos y Derivados,99.4548,34.61,-0.5451999999999941,-1.1060178430777334e-05
2026-07-13,La Paz,Calacoto,Frutas y Verduras,99.937,38.59,-0.06300000000000239,-0.00012106162036484847
2026-07-13,La Paz,Calacoto,Panadería,98.6861,44.31,-1.3139000000000038,-1.4186193793563895e-05
2026-07-13,Santa Cruz,Roca y Coronado,Carnes,100.0,0.0,0.0,0.0
2026-07-13,Santa Cruz,Roca y Coronado,Abarrotes,99.0501,23.29,-0.9498999999999995,-1.2114934382467801e-05
2026-07-13,Santa Cruz,Roca y Coronado,Bebidas,98.8039,23.09,-1.1961000000000013,0.00040095459594202687
2026-07-13,Santa Cruz,Roca y Coronado,Lácteos y Derivados,100.1405,45.66,0.14050000000000296,7.090541218013335e-05
2026-07-13,Santa Cruz,Roca y Coronado,Frutas y Verduras,100.4988,37.99,0.4988000000000028,5.473001682698708e-05
2026-07-13,Santa Cruz,Roca y Coronado,Panadería,100.3137,43.97,0.3136999999999972,2.093476726527932e-05
2026-07-14,La Paz,Calacoto,Carnes,100.0,0.0,0.0,0.0
2026-07-14,La Paz,Calacoto,Abarrotes,100.2426,22.86,0.24259999999999593,-4.389158777817759e-05
2026-07-14,La Paz,Calacoto,Bebidas,99.4336,36.3,-0.5664000000000016,-0.005299939777958729
2026-07-14,La Paz,Calacoto,Lácteos y Derivados,99.5665,33.89,-0.4334999999999951,0.0011231232680575243
2026-07-14,La Paz,Calacoto,Frutas y Verduras,99.4462,38.23,-0.5537999999999954,-0.004911093989213189
2026-07-14,La Paz,Calacoto,Panadería,98.6881,43.7,-1.3118999999999943,2.0266278635050483e-05
2026-07-14,Santa Cruz,Roca y Coronado,Carnes,100.0,0.0,0.0,0.0
2026-07-14,Santa Cruz,Roca y Coronado,Abarrotes,98.9819,23.32,-1.018100000000004,-0.0006885404456936639
2026-07-14,Santa Cruz,Roca y Coronado,Bebidas,98.7188,23.04,-1.2811999999999983,-0.0008613020336241117
2026-07-14,Santa Cruz,Roca y Coronado,Lácteos y Derivados,100.2193,45.63,0.21930000000000405,0.0007868944133493372
2026-07-14,Santa Cruz,Roca y Coronado,Frutas y Verduras,100.474,37.99,0.47400000000000375,-0.00024676911565113535
2026-07-14,Santa Cruz,Roca y Coronado,Panadería,100.3137,43.97,0.3136999999999972,0.0
